{
  "1|1": 0.9697403217783994,
  "2|2": 0.3509790107352869,
  "2|1": 0.45292819657875216,
  "2|11": 0.38344761519448844,
  "3|1": 0.30202171216638435,
  "3|2": 0.14360279609997437,
  "3|21": 0.18874023728819472,
  "3|11": 0.1338841331619062,
  "3|12": 0.18758362742857543,
  "3|111": 0.1375824934973405,
  "3|3": 0.16283078082504837,
  "1|2": 4.9246770643015084e-06,
  "2|3": 6.975495085763712e-06,
  "4|3": 0.14390153916690845,
  "4|211": 0.06181741332559631,
  "4|31": 0.09722684891663712,
  "4|1": 0.24141494464085508,
  "4|13": 0.09843396841430348,
  "4|111": 0.04231723960068344,
  "4|112": 0.06241739111746312,
  "4|22": 0.11409607524975195,
  "4|11": 0.06095953463215093,
  "4|121": 0.09836949318890884,
  "4|12": 0.06197501943211654,
  "4|2": 0.08976205059872411,
  "4|21": 0.06204486759296074,
  "3|211": 6.97803836874397e-06,
  "3|22": 1.7445095921859926e-06,
  "5|122": 0.05408801207810236,
  "5|13": 0.08634019312804612,
  "5|113": 0.0284600419491139,
  "5|131": 0.062176388931108204,
  "5|211": 0.020505922525863553,
  "5|31": 0.08650231530737353,
  "5|1": 0.2079470265779048,
  "5|21": 0.02741638041969379,
  "5|3": 0.11426827167624201,
  "3|121": 8.722547960929963e-06,
  "5|32": 0.06862327871842418,
  "5|2": 0.06486407068527018,
  "5|22": 0.03391140022899758,
  "5|112": 0.021025220131521617,
  "3|112": 5.233528776557978e-06,
  "5|221": 0.05391322410351501,
  "5|23": 0.06836236333606914,
  "5|121": 0.02708706974293502,
  "5|311": 0.028290320292630535,
  "5|12": 0.028019272274067544,
  "5|11": 0.036543352484015766,
  "5|212": 0.027380916192965923,
  "5|111": 0.013357347681146204,
  "6|3": 0.089742450795907,
  "4|122": 5.372935449553509e-06,
  "6|2": 0.04880432236858045,
  "6|22": 0.015328579158624143,
  "6|13": 0.06281648508734383,
  "6|311": 0.04328829520032951,
  "6|32": 0.08877330985858618,
  "6|1": 0.18329685594527584,
  "6|12": 0.015457797950266918,
  "6|11": 0.02527842611511779,
  "6|221": 0.059602167645229805,
  "6|131": 0.09676064641700519,
  "6|23": 0.0903481638817325,
  "6|31": 0.06146776394957237,
  "6|122": 0.059836376705082336,
  "6|113": 0.0445966354657126,
  "6|212": 0.0321108697232295,
  "4|131": 3.5819569663690062e-06,
  "6|21": 0.015158979494593001,
  "6|112": 0.0070181956210981986,
  "6|211": 0.006945510050799138,
  "7|23": 0.09774210486835196,
  "7|2": 0.037731603030530345,
  "6|121": 0.00792272716259762,
  "6|111": 0.005217208712577026,
  "7|131": 0.11184457280024004,
  "7|113": 0.04913359837971645,
  "7|32": 0.09046583152051609,
  "7|1": 0.16547895881779312,
  "7|311": 0.05145900532593204,
  "7|31": 0.04230740379566424,
  "7|3": 0.06578651263971196,
  "7|11": 0.019278373715400195,
  "7|221": 0.055659740454579554,
  "7|13": 0.04410771885079889,
  "7|12": 0.009376640912159628,
  "7|212": 0.027979896481884328,
  "7|22": 0.008026404620808641,
  "7|21": 0.00982671967594329,
  "7|121": 0.002550446328107419,
  "7|122": 0.057160003000525095,
  "4|23": 1.7909784831845031e-06,
  "7|211": 0.002700472582701973,
  "7|111": 0.0023254069462155876,
  "8|31": 0.013157894736842105,
  "8|23": 0.09868421052631579,
  "8|2": 0.04276315789473684,
  "8|32": 0.0756578947368421,
  "8|3": 0.06907894736842106,
  "8|1": 0.13486842105263158,
  "8|122": 0.05263157894736842,
  "8|221": 0.05921052631578947,
  "7|112": 0.002625459455404696,
  "8|311": 0.03618421052631579,
  "8|131": 0.14144736842105263,
  "8|113": 0.05592105263157895,
  "8|212": 0.01644736842105263,
  "8|11": 0.013157894736842105,
  "8|13": 0.03618421052631579,
  "8|21": 0.006578947368421052,
  "9|1": 0.5,
  "8|111": 0.003289473684210526,
  "9|13": 0.25,
  "8|211": 0.003289473684210526,
  "8|12": 0.006578947368421052,
  "8|112": 0.003289473684210526,
  "8|22": 0.003289473684210526
}